Title,Link
Double iSmart (2024) WEB-DL Hindi (LiNE) 1080p 720p & 480p [x264/HEVC] | Full Movie,https://hdhub4u.contact/double-ismart-2024-hindi-webrip-full-movie/
The Well (2023) WEB-DL [Hindi (ORG 2.0) & English] 1080p 720p & 480p Dual Audio [x264/10Bit-HEVC] | Full Movie,https://hdhub4u.contact/the-well-2023-hindi-webrip-full-movie/
Visfot (2024) WEB-DL [Hindi DD5.1] 4K 1080p 720p & 480p [x264/HEVC] | Full Movie,https://hdhub4u.contact/visfot-2024-hindi-webrip-full-movie/
Geostorm (2017) BluRay [Hindi (ORG 2.0) & English] 4K 1080p 720p & 480p Dual Audio [x264/10Bit-HEVC] | Full Movie,https://hdhub4u.contact/geostorm-2017-hindi-bluray-full-movie/
The Deliverance (2024) WEB-DL [Hindi (ORG 5.1) & English] 1080p 720p & 480p Dual Audio [x264/10Bit-HEVC] | Full Movie,https://hdhub4u.contact/the-deliverance-2024-hindi-webrip-full-movie/
Cadets (Season 1) WEB-DL [Hindi DD5.1] 1080p 720p & 480p [x264/HEVC] HD | ALL Episodes [JioCinema Series],https://hdhub4u.contact/cadets-season-1-hindi-webrip-all-episodes/
TRAP (2024) WEB-DL [English DD5.1] 4K 1080p 720p & 480p [x264/10Biit-HEVC] | Full Movie,https://hdhub4u.contact/trap-2024-english-webrip-full-movie/
Surya’s Saturday (2024) HDTS Hindi (LiNE) 1080p 720p & 480p [x264/HEVC] | Full Movie [Saripodhaa Sanivaaram],https://hdhub4u.contact/suryas-saturday-2024-hindi-hdts-full-movie/
Aho Vikramaarka (2024) HDTS Hindi (LiNE) 1080p 720p & 480p [x264/HEVC] | Full Movie,https://hdhub4u.contact/aho-vikramaarka-2024-hindi-hdts-fulll-movie/
Thangalaan (2024) HDTS Hindi (LiNE) 1080p 720p & 480p [x264/HEVC] | Full Movie,https://hdhub4u.contact/thangalaan-2024-hindi-hdts-full-movie/
Mirzapur (Season 3) WEB-DL [Hindi DD5.1] 4K 1080p 720p & 480p [x264/HEVC] HD | [PrimeVideo Series] BONUS Episode,https://hdhub4u.contact/mirzapur-season-3-hindi-webrip-all-episodes/
Bad Newz (2024) WEB-DL [Hindi DD5.1] 4K 1080p 720p & 480p [x264/HEVC] | Full Movie,https://hdhub4u.contact/bad-newz-2024-hindi-webrip-full-movie/
The Lord of the Rings: The Rings of Power (Season 2) WEB-DL [Hindi (ORG 5.1) & English] 4K 1080p 720p & 480p [x264/10Bit-HEVC] | PrimeVideo Series [EP 01-03 Added],https://hdhub4u.contact/the-lord-of-the-rings-the-rings-of-power-season-2-hindi-webrip-all-episodes/
iC 814: The Kandahar Hijack (Season 1) WEB-DL [Hindi DD5.1] 1080p 720p & 480p [x264/HEVC] HD | ALL Episodes [NF Series],https://hdhub4u.contact/ic-814-the-kandahar-hijack-season-1-hindi-webrip-all-episodes/
Holly Slept Over (2020) WEB-DL [Hindi (ORG 5.1) & English] 1080p 720p & 480p Dual Audio [x264/10Bit-HEVC] | Full Movie,https://hdhub4u.contact/holly-slept-over-2020-hindi-webrip-full-movie/
Tumbbad (2018) WEB-DL [Hindi DD5.1] 1080p 720p & 480p [x264/10Bit-HEVC] | Full Movie,https://hdhub4u.contact/tumbbad-2018-hindi-webrip-full-movie/
The Strangers: Chapter 1 (2024) BluRay [Hindi (ORG 5.1) & English] 4K 1080p 720p & 480p Dual Audio [x264/10Bit-HEVC] | Full Movie,https://hdhub4u.contact/the-strangers-chapter-1-2024-hindi-bluray-full-movie/
Harold and the Purple Crayon (2024) WEB-DL [Hindi (ORG 5.1) & English] 1080p 720p & 480p Dual Audio [x264/10Bit-HEVC] | Full Movie,https://hdhub4u.contact/harold-and-the-purple-crayon-2024-hindi-webrip-full-movie/
Imaginary (2024) BluRay [Hindi (ORG 5.1) & English] 4K 1080p 720p & 480p Dual Audio [x264/10Bit-HEVC] | Full Movie,https://hdhub4u.contact/imaginary-2024-hindi-bluray-full-movie/
The Killer (2024) WEB-DL [Hindi (ORG 2.0) & English] 4K 1080p 720p & 480p Dual Audio [x264/10Bit-HEVC] | Full Movie,https://hdhub4u.contact/the-killer-2024-hindi-webrip-full-movie/
Ordinary Angels (2024) BluRay [Hindi (ORG 5.1) & English] 4K 1080p 720p & 480p Dual Audio [x264/10Bit-HEVC] | Full Movie,https://hdhub4u.contact/ordinary-angels-2024-hindi-bluray-full-movie/
Mark Antony (2023) UNCUT DS4K WEB-DL [Hindi (ORG 2.0) & Tamil] 4K 1080p 720p & 480p Dual Audio [x264/10Bit-HEVC] | Full Movie,https://hdhub4u.contact/mark-antony-2023-uncut-hindi-webrip-full-movie/
Incoming (2024) WEB-DL [Hindi (ORG 5.1) & English] 1080p 720p & 480p Dual Audio [x264/10Bit-HEVC] | Full Movie,https://hdhub4u.contact/incoming-2024-hindi-webrip-full-movie/
Maestro (2021) UNCUT DS4K WEB-DL [Hindi (ORG 2.0) & Telugu] 4K 1080p 720p & 480p Dual Audio [x264/10Bit-HEVC] | Full Movie,https://hdhub4u.contact/maestro-2021-uncut-hindi-webrip-full-movie/
Munjya (2024) DS4K WEB-DL [Hindi DD5.1] 4K 1080p 720p & 480p [x264/10Bit-HEVC] | Full Movie,https://hdhub4u.contact/munjya-2024-hindi-webrip-full-movie/
Rogue Agent (2022) BluRay [Hindi (ORG 2.0) & English] 1080p 720p & 480p Dual Audio [x264/10Bit-HEVC] | Full Movie,https://hdhub4u.contact/rogue-agent-2022-hindi-bluray-full-movie/
Land of Bad (2024) BluRay [Hindi (ORG 5.1) & English] 4K 1080p 720p & 480p Dual Audio [x264/10Bit-HEVC] | Full Movie,https://hdhub4u.contact/land-of-bad-2024-hindi-bluray-full-movie/
Alien: Romulus (2024) HDTS [Hindi (LiNE) & English] 1080p 720p & 480p Dual Audio [x264/HEVC] | Full Movie,https://hdhub4u.contact/alien-romulus-2024-hindi-hdts-full-movie/
The Frog (Season 1) WEB-DL [Hindi (ORG 5.1) & English] 1080p 720p & 480p [x264/ESubs] | [ALL Episodes] | NF Series,https://hdhub4u.contact/the-frog-season-1-hindi-webrip-all-episodes/
Midnight Sun (2018) BluRay [Hindi (ORG 2.0) & English] 1080p 720p & 480p Dual Audio [x264/10Bit-HEVC] | Full Movie,https://hdhub4u.contact/midnight-sun-2018-hindi-bluray-full-movie/
The Beasts (2022) BluRay [Hindi (ORG 2.0) & Spanish] 1080p 720p & 480p Dual Audio [x264/10Bit-HEVC] | Full Movie,https://hdhub4u.contact/the-beasts-2022-hindi-bluray-full-movie/
Drive-Away Dolls (2024) BluRay [Hindi (ORG 2.0) & English] 4K 1080p 720p & 480p Dual Audio [x264/10Bit-HEVC] | Full Movie,https://hdhub4u.contact/drive-away-dolls-2024-hindi-bluray-full-movie/
Raayan (2024) WEB-DL [Hindi (DD5.1) & Tamil] 4K 1080p 720p & 480p Dual Audio [x264/HEVC] | Full Movie,https://hdhub4u.contact/raayan-2024-hindi-webrip-full-movie/
Kalki 2898-AD (2024) DS4K WEB-DL [Hindi DD5.1] 4K 1080p 720p & 480p [x264/10Bit-HEVC] | Full Movie,https://hdhub4u.contact/kalki-2024-hindi-webrip-full-movie/
Vedaa (2024) HQ-HDTS Hindi (LiNE) 1080p 720p & 480p [x264/HEVC] | Full Movie,https://hdhub4u.contact/vedaa-2024-hindi-hdts-full-movie/
Khel Khel Mein (2024) HDTS Hindi (LiNE) 1080p 720p & 480p [x264/HEVC] | Full Movie,https://hdhub4u.contact/khel-khel-mein-2024-hindi-hdts-full-movie/
Stree 2: Sarkate Ka Aatank (2024) HDTS Hindi (LiNE) 1080p 720p & 480p [x264/HEVC] | Full Movie,https://hdhub4u.contact/stree-2-2024-hindi-hdts-full-movie/
Shekhar Home (Season 1) WEB-DL [Hindi DD5.1] 4K 1080p 720p & 480p [x264/HEVC] HD | ALL Episodes [JioCinema Series],https://hdhub4u.contact/shekhar-home-season-1-hindi-webrip-all-episodes/
Gyaarah Gyaarah (Season 1) WEB-DL [Hindi DD5.1] 1080p 720p & 480p [x264/ESubs] HD | ALL Episodes [ZEE5 Series],https://hdhub4u.contact/gyaarah-gyaarah-season-1-hindi-webrip-all-episodes/
Deadpool & Wolverine (2024) V3-HDTC [Hindi (LiNE) & English] 4K 1080p 720p & 480p Dual Audio [x264/HEVC] | Full Movie,https://hdhub4u.contact/deadpool-wolverine-2024-hindi-v3-hdtc-full-movie/
It Ends with Us (2024) HDCAM (MULTI AUDIO) [Hindi (Voice Over)] 720p & 480p HD Online Stream | Full Movie,https://hdhub4u.contact/it-ends-with-us-2024-hdcam-multi-audio-hindi-voice-over-720p-480p-hd-online-stream-full-movie/
Hiranya (2024) HDCAM (MULTI AUDIO) [Hindi (Voice Over)] 720p & 480p HD Online Stream | Full Movie,https://hdhub4u.contact/hiranya-2024-hdcam-multi-audio-hindi-voice-over-720p-480p-hd-online-stream-full-movie/
Falling for the Manny (2023) WEB-HD [Hindi (Voice Over)] 720p & 480p HD Online Stream | Full Movie,https://hdhub4u.contact/falling-for-the-manny-2023-web-hd-hindi-voice-over-720p-480p-hd-online-stream-full-movie/
El candidato honesto (2024) HDCAM (MULTI AUDIO) [Hindi (Voice Over)] 720p & 480p HD Online Stream | Full Movie,https://hdhub4u.contact/el-candidato-honesto-2024-hdcam-multi-audio-hindi-voice-over-720p-480p-hd-online-stream-full-movie/
Deer Camp 86 (2022) WEB-HD (MULTI AUDIO) [Hindi (Voice Over)] 720p & 480p HD Online Stream | Full Movie,https://hdhub4u.contact/deer-camp-86-2022-web-hd-multi-audio-hindi-voice-over-720p-480p-hd-online-stream-full-movie/
Cuckoo (2024) HDCAM (MULTI AUDIO) [Hindi (Voice Over)] 720p & 480p HD Online Stream | Full Movie,https://hdhub4u.contact/cuckoo-2024-hdcam-multi-audio-hindi-voice-over-720p-480p-hd-online-stream-full-movie/
Cottontail (2023) WEB-HD [Hindi (Voice Over)] 720p & 480p HD Online Stream | Full Movie,https://hdhub4u.contact/cottontail-2023-web-hd-hindi-voice-over-720p-480p-hd-online-stream-full-movie/
Arctic Armageddon (2024) HDCAM (MULTI AUDIO) [Hindi (Voice Over)] 720p & 480p HD Online Stream | Full Movie,https://hdhub4u.contact/arctic-armageddon-2024-hdcam-multi-audio-hindi-voice-over-720p-480p-hd-online-stream-full-movie/
TRAP (2024) WEB-DL [English DD5.1] 4K 1080p 720p & 480p [x264/10Biit-HEVC] | Full Movie,https://hdhub4u.contact/trap-2024-english-webrip-full-movie/
Surya’s Saturday (2024) HDTS Hindi (LiNE) 1080p 720p & 480p [x264/HEVC] | Full Movie [Saripodhaa Sanivaaram],https://hdhub4u.contact/suryas-saturday-2024-hindi-hdts-full-movie/
Aho Vikramaarka (2024) HDTS Hindi (LiNE) 1080p 720p & 480p [x264/HEVC] | Full Movie,https://hdhub4u.contact/aho-vikramaarka-2024-hindi-hdts-fulll-movie/
Thangalaan (2024) HDTS Hindi (LiNE) 1080p 720p & 480p [x264/HEVC] | Full Movie,https://hdhub4u.contact/thangalaan-2024-hindi-hdts-full-movie/
Mirzapur (Season 3) WEB-DL [Hindi DD5.1] 4K 1080p 720p & 480p [x264/HEVC] HD | [PrimeVideo Series] BONUS Episode,https://hdhub4u.contact/mirzapur-season-3-hindi-webrip-all-episodes/
Bad Newz (2024) WEB-DL [Hindi DD5.1] 4K 1080p 720p & 480p [x264/HEVC] | Full Movie,https://hdhub4u.contact/bad-newz-2024-hindi-webrip-full-movie/
The Lord of the Rings: The Rings of Power (Season 2) WEB-DL [Hindi (ORG 5.1) & English] 4K 1080p 720p & 480p [x264/10Bit-HEVC] | PrimeVideo Series [EP 01-03 Added],https://hdhub4u.contact/the-lord-of-the-rings-the-rings-of-power-season-2-hindi-webrip-all-episodes/
iC 814: The Kandahar Hijack (Season 1) WEB-DL [Hindi DD5.1] 1080p 720p & 480p [x264/HEVC] HD | ALL Episodes [NF Series],https://hdhub4u.contact/ic-814-the-kandahar-hijack-season-1-hindi-webrip-all-episodes/
Babli (2024) HDCAM [Bengali (Voice Over)] 720p & 480p HD Online Stream | Full Movie,https://hdhub4u.contact/babli-2024-hdcam-bengali-voice-over-720p-480p-hd-online-stream-full-movie/
Thangalaan (2024) HDCAM (MULTI AUDIO) [Telugu (Voice Over)] 720p & 480p HD Online Stream | Full Movie,https://hdhub4u.contact/thangalaan-2024-hdcam-multi-audio-telugu-voice-over-720p-480p-hd-online-stream-full-movie/
Mayor Grom Igra (2024) HDCAM (MULTI AUDIO) [Bengali (Voice Over)] 720p & 480p HD Online Stream | Full Movie,https://hdhub4u.contact/mayor-grom-igra-2024-hdcam-multi-audio-bengali-voice-over-720p-480p-hd-online-stream-full-movie/
Oddity (2024) HDCAM (MULTI AUDIO) [Bengali (Voice Over)] 720p & 480p HD Online Stream | Full Movie,https://hdhub4u.contact/oddity-2024-hdcam-multi-audio-bengali-voice-over-720p-480p-hd-online-stream-full-movie/
Crumb Catcher (2023) HDCAM (MULTI AUDIO) [Bengali (Voice Over)] 720p & 480p HD Online Stream | Full Movie,https://hdhub4u.contact/crumb-catcher-2023-hdcam-multi-audio-bengali-voice-over-720p-480p-hd-online-stream-full-movie/
Arctic Armageddon (2024) WEB-HD (MULTI AUDIO) [Bengali (Voice Over)] 720p & 480p HD Online Stream | Full Movie,https://hdhub4u.contact/arctic-armageddon-2024-web-hd-multi-audio-bengali-voice-over-720p-480p-hd-online-stream-full-movie/
Widow Clicquot (2023) WEB-HD (MULTI AUDIO) [Bengali (Voice Over)] 720p & 480p HD Online Stream | Full Movie,https://hdhub4u.contact/widow-clicquot-2023-web-hd-multi-audio-bengali-voice-over-720p-480p-hd-online-stream-full-movie/
Indian 2 (2024) HDCAM  (MULTI AUDIO) [Bengali  (Voice Over)] 720p & 480p HD Online Stream | Full Movie,https://hdhub4u.contact/indian-2-2024-hdcam-multi-audio-bengali-voice-over-720p-480p-hd-online-stream-full-movie/
Suchana (2024) HDCAM (MULTI AUDIO) [Bengali (Voice Over)] 720p & 480p HD Online Stream | Full Movie,https://hdhub4u.contact/suchana-2024-hdcam-multi-audio-bengali-voice-over-720p-480p-hd-online-stream-full-movie/
Holly Slept Over (2020) WEB-DL [Hindi (ORG 5.1) & English] 1080p 720p & 480p Dual Audio [x264/10Bit-HEVC] | Full Movie,https://hdhub4u.contact/holly-slept-over-2020-hindi-webrip-full-movie/
The Evil Fairy Queen (2024) WEB-HD [Hindi (Voice Over)] 720p & 480p HD Online Stream | Full Movie,https://hdhub4u.contact/the-evil-fairy-queen-2024-web-hd-hindi-voice-over-720p-480p-hd-online-stream-full-movie/
Outer Darkness (2023) WEB-HD [Hindi (Voice Over)] 720p & 480p HD Online Stream | Full Movie,https://hdhub4u.contact/outer-darkness-2023-web-hd-hindi-voice-over-720p-480p-hd-online-stream-full-movie/
Gift Of Fear (2023) WEB-HD [Hindi (Voice Over)] 720p & 480p HD Online Stream | Full Movie,https://hdhub4u.contact/gift-of-fear-2023-web-hd-hindi-voice-over-720p-480p-hd-online-stream-full-movie/
Exposure (2024) WEB-HD [Hindi (Voice Over)] 720p & 480p HD Online Stream | Full Movie,https://hdhub4u.contact/exposure-2024-web-hd-hindi-voice-over-720p-480p-hd-online-stream-full-movie/
Demon Behind the Glass (2023) WEB-HD [Hindi (Voice Over)] 720p & 480p HD Online Stream | Full Movie,https://hdhub4u.contact/demon-behind-the-glass-2023-web-hd-hindi-voice-over-720p-480p-hd-online-stream-full-movie/
Dark Feathers Dance of the Geisha (2024) HDCAM (MULTI AUDIO) [Hindi (Voice Over)] 720p & 480p HD Online Stream | Full Movie,https://hdhub4u.contact/dark-feathers-dance-of-the-geisha-2024-hdcam-multi-audio-hindi-voice-over-720p-480p-hd-online-stream-full-movie/
Dance Rivals (2024) WEB-HD [Hindi (Voice Over)] 720p & 480p HD Online Stream | Full Movie,https://hdhub4u.contact/dance-rivals-2024-web-hd-hindi-voice-over-720p-480p-hd-online-stream-full-movie/
Corrosive (2024) WEB-HD [Hindi (Voice Over)] 720p & 480p HD Online Stream | Full Movie,https://hdhub4u.contact/corrosive-2024-web-hd-hindi-voice-over-720p-480p-hd-online-stream-full-movie/
Angels Fallen Warriors of Peace (2024) WEB-HD [Hindi (Voice Over)] 720p & 480p HD Online Stream | Full Movie,https://hdhub4u.contact/angels-fallen-warriors-of-peace-2024-web-hd-hindi-voice-over-720p-480p-hd-online-stream-full-movie/
The Crow (2024) HDCAM [Hindi (Voice Over)] 720p & 480p HD Online Stream | Full Movie,https://hdhub4u.contact/the-crow-2024-hdcam-hindi-voice-over-720p-480p-hd-online-stream-full-movie/
Couples Retreat Murder (2024) WEB-HD (MULTI AUDIO) [Bengali (Voice Over)] 720p & 480p HD Online Stream | Full Movie,https://hdhub4u.contact/couples-retreat-murder-2024-web-hd-multi-audio-bengali-voice-over-720p-480p-hd-online-stream-full-movie/
Cold Blows the Wind (2024) WEB-HD [Bengali (Voice Over)] 720p & 480p HD Online Stream | Full Movie,https://hdhub4u.contact/cold-blows-the-wind-2024-web-hd-bengali-voice-over-720p-480p-hd-online-stream-full-movie/
House In Time (2023) WEB-HD [Hindi (Voice Over)] 720p & 480p HD Online Stream | Full Movie,https://hdhub4u.contact/house-in-time-2023-web-hd-hindi-voice-over-720p-480p-hd-online-stream-full-movie/
Dead Whisper (2024) WEB-HD (MULTI AUDIO) [Bengali (Voice Over)] 720p & 480p HD Online Stream | Full Movie,https://hdhub4u.contact/dead-whisper-2024-web-hd-multi-audio-bengali-voice-over-720p-480p-hd-online-stream-full-movie/
Tic Toc (2023) WEB-HD [Hindi (Voice Over)] 720p & 480p HD Online Stream | Full Movie,https://hdhub4u.contact/tic-toc-2023-web-hd-hindi-voice-over-720p-480p-hd-online-stream-full-movie/
Thine Ears Shall Bleed (2024) WEB-HD [Hindi (Voice Over)] 720p & 480p HD Online Stream | Full Movie,https://hdhub4u.contact/thine-ears-shall-bleed-2024-web-hd-hindi-voice-over-720p-480p-hd-online-stream-full-movie/
The Outlaws (2024) WEB-HD (MULTI AUDIO) [Hindi (Voice Over)] 720p & 480p HD Online Stream | Full Movie,https://hdhub4u.contact/the-outlaws-2024-web-hd-multi-audio-hindi-voice-over-720p-480p-hd-online-stream-full-movie/
The Abigail Mysteries (2023) WEB-HD [Hindi (Voice Over)] 720p & 480p HD Online Stream | Full Movie,https://hdhub4u.contact/the-abigail-mysteries-2023-web-hd-hindi-voice-over-720p-480p-hd-online-stream-full-movie/
Shark Girl (2024) WEB-HD (MULTI AUDIO) [Hindi (Voice Over)] 720p & 480p HD Online Stream | Full Movie,https://hdhub4u.contact/shark-girl-2024-web-hd-multi-audio-hindi-voice-over-720p-480p-hd-online-stream-full-movie/
Camp (2024) WEB-HD [Hindi (Voice Over)] 720p & 480p HD Online Stream | Full Movie,https://hdhub4u.contact/camp-2024-web-hd-hindi-voice-over-720p-480p-hd-online-stream-full-movie/
Buffalo Kids (2024) HDCAM [Hindi (Voice Over)] 720p & 480p HD Online Stream | Full Movie,https://hdhub4u.contact/buffalo-kids-2024-hdcam-hindi-voice-over-720p-480p-hd-online-stream-full-movie/
Amish Affair (2024) WEB-HD (MULTI AUDIO) [Hindi (Voice Over)] 720p & 480p HD Online Stream | Full Movie,https://hdhub4u.contact/amish-affair-2024-web-hd-multi-audio-hindi-voice-over-720p-480p-hd-online-stream-full-movie/
Aay (2024) HDCAM [Telugu (Voice Over)] 720p & 480p HD Online Stream | Full Movie,https://hdhub4u.contact/aay-2024-hdcam-telugu-voice-over-720p-480p-hd-online-stream-full-movie/
Tumbbad (2018) WEB-DL [Hindi DD5.1] 1080p 720p & 480p [x264/10Bit-HEVC] | Full Movie,https://hdhub4u.contact/tumbbad-2018-hindi-webrip-full-movie/
The Strangers: Chapter 1 (2024) BluRay [Hindi (ORG 5.1) & English] 4K 1080p 720p & 480p Dual Audio [x264/10Bit-HEVC] | Full Movie,https://hdhub4u.contact/the-strangers-chapter-1-2024-hindi-bluray-full-movie/
Harold and the Purple Crayon (2024) WEB-DL [Hindi (ORG 5.1) & English] 1080p 720p & 480p Dual Audio [x264/10Bit-HEVC] | Full Movie,https://hdhub4u.contact/harold-and-the-purple-crayon-2024-hindi-webrip-full-movie/
Imaginary (2024) BluRay [Hindi (ORG 5.1) & English] 4K 1080p 720p & 480p Dual Audio [x264/10Bit-HEVC] | Full Movie,https://hdhub4u.contact/imaginary-2024-hindi-bluray-full-movie/
The Killer (2024) WEB-DL [Hindi (ORG 2.0) & English] 4K 1080p 720p & 480p Dual Audio [x264/10Bit-HEVC] | Full Movie,https://hdhub4u.contact/the-killer-2024-hindi-webrip-full-movie/
Shadows of Betrayal Chronicles of Ian Blair (2024) WEB-HD [Hindi (Voice Over)] 720p & 480p HD Online Stream | Full Movie,https://hdhub4u.contact/shadows-of-betrayal-chronicles-of-ian-blair-2024-web-hd-hindi-voice-over-720p-480p-hd-online-stream-full-movie/
One Cops Journey (2022) WEB-HD [Hindi (Voice Over)] 720p & 480p HD Online Stream | Full Movie,https://hdhub4u.contact/one-cops-journey-2022-web-hd-hindi-voice-over-720p-480p-hd-online-stream-full-movie/
Invaders From Proxima B (2024) WEB-HD (MULTI AUDIO) [Hindi (Voice Over)] 720p & 480p HD Online Stream | Full Movie,https://hdhub4u.contact/invaders-from-proxima-b-2024-web-hd-multi-audio-hindi-voice-over-720p-480p-hd-online-stream-full-movie/
House of Screaming Glass (2024) WEB-HD (MULTI AUDIO) [Hindi (Voice Over)] 720p & 480p HD Online Stream | Full Movie,https://hdhub4u.contact/house-of-screaming-glass-2024-web-hd-multi-audio-hindi-voice-over-720p-480p-hd-online-stream-full-movie/
Guys at Parties Like It (2024) WEB-HD [Hindi (Voice Over)] 720p & 480p HD Online Stream | Full Movie,https://hdhub4u.contact/guys-at-parties-like-it-2024-web-hd-hindi-voice-over-720p-480p-hd-online-stream-full-movie/
Free Time (2024) WEB-HD [Hindi (Voice Over)] 720p & 480p HD Online Stream | Full Movie,https://hdhub4u.contact/free-time-2024-web-hd-hindi-voice-over-720p-480p-hd-online-stream-full-movie/
ALCOL (2024) WEB-HD [Hindi (Voice Over)] 720p & 480p HD Online Stream | Full Movie,https://hdhub4u.contact/alcol-2024-web-hd-hindi-voice-over-720p-480p-hd-online-stream-full-movie/
Swargathile Katturumbu (2024) HDCAM (MULTI AUDIO) [Telugu (Voice Over)] 720p & 480p HD Online Stream | Full Movie,https://hdhub4u.contact/swargathile-katturumbu-2024-hdcam-multi-audio-telugu-voice-over-720p-480p-hd-online-stream-full-movie/
Na Baligh Afraad (2024) HDCAM (MULTI AUDIO) [Telugu (Voice Over)] 720p & 480p HD Online Stream | Full Movie,https://hdhub4u.contact/na-baligh-afraad-2024-hdcam-multi-audio-telugu-voice-over-720p-480p-hd-online-stream-full-movie/
Raghu Thatha (2024) HDCAM Tamil (Voice Over)] 720p & 480p HD Online Stream | Full Movie,https://hdhub4u.contact/raghu-thatha-2024-hdcam-tamil-voice-over-720p-480p-hd-online-stream-full-movie/
